title,genre,director,country,year
38-я параллель,драма; боевик; военный,Кан Джегю,Республика Корея,2004
36 безумных кулаков,боевик; комедия,Чэнь Чжихуа,Гонконг,1977
34-й скорый,Фильм-катастрофа; приключенческий фильм; драма,Андрей Малюков,СССР,1981
33,драма,Патрисия Ригген,США; Чили; Колумбия,2015
32-е августа на Земле,"драма; мелодрама; ,",Дени Вильнёв,Канада,1998
32 декабря,"комедия; фантастика; мелодрама; ,",Александр Муратов,Россия,2004
31-й километр,"ужасы; мистика; ,",Ригоберто Кастаньеда,Мексика; Испания,2006
31 июня,"музыкальный фильм; мюзикл; фэнтези; (; ),",Леонид Квинихидзе,СССР,1978
31,Фильм ужасов,Роб Зомби,США,2016
30 свиданий,комедия; мелодрама,Таисия Игуменцева,Россия,2016
30 ночей паранормального явления с одержимой девушкой с татуировкой дракона,комедийный; фильм ужасов,Крэйг Мосс,США,2012
30 дней ночи,фильм о вампирах,Дэвид Слейд,США,2007
30 дней до рассвета,фильм ужасов; комедия,Андерс Банке,Швеция,2006
30 безумных желаний,независимый кинематограф,Питер Хатчингс,США,2018
29-я улица,комедия; драма,Джордж Галло,США,1991
29 пальм,драма; роуд-муви,Брюно Дюмон,Франция; Германия; США,2003
29 километр,"драма; музыкальный фильм; ,",Леонид Андронов,Россия,2012
28 недель спустя,постапокалиптический; фильм ужасов,Хуан Карлос Фреснадильо,2; Великобритания; США; Испания,2007
28 лет спустя,постапокалиптический; фильм ужасов,Дэнни Бойл,Великобритания; США,2025
28 дней спустя,постапокалиптический; фильм ужасов,Дэнни Бойл,Великобритания,2002
28 дней,"драма; комедия; ,",Бетти Томас,США,2000
27-й день,научная фантастика,Уильям Эшер,США,1957
27 украденных поцелуев,комедия; драма; мелодрама,Нана Джорджадзе,Грузия; Франция; Германия; Россия,2000
27 секунд памяти,документальный,Иван Качалин,Россия; Чехия; Нидерланды,2019
27 свадеб,романтическая комедия,Энн Флетчер,США,2008
25-й час,криминальный фильм; драма,Спайк Ли,США,2002
25 ватт,Комедийная драма,Хуан Пабло Ребелья; Пабло Столь,Уругвай,2001
24-25 не возвращается,"детективный фильм; драма; ,",Алоиз Бренч; Ростислав Горяев,СССР,1968
24 часа откровенного секса,порнофильм; сексплуатационный фильм,Жозе Можика Маринш; 1,Бразилия,1985
24 часа из жизни женщины,комедия,Нэнси Савока,США,1999
24 часа из жизни женщины,экранизация литературного произведения,Виктор Сэвилл; 1,Великобритания,1952
24 часа,триллер,Луис Мандоки,США; Германия,2002
24 часа,боевик; драма,Александр Атанесян,Россия,2000
24 недели,драма,Анна Зора Берашед; 1; 4,Германия,2016
24 кадра,драма,Аббас Киаростами,Иран; Франция,2017
23,триллер; драма; /,Ганс-Христиан Шмидт,Германия,1998
22 минуты,боевик,Василий Сериков,Россия,2014
22 мили,"боевик; триллер; ,",Питер Берг,США,2018
"22 июня, ровно в 4 часа…",драма,Борис Галкин,Россия,1992
22 июля,Драма,Пол Гринграсс,США,2018
21 ночь с Патти,комедия,Арно Ларье; Жан-Мари Ларье,Франция,2015
21 мост,драма; триллер; детектив,Брайан Кирк,США,2019
21 и больше,комедия,Джон Лукас; Скотт Мур,США,2013
21 грамм,драма,Алехандро Гонсалес Иньярриту,США,2003
20 тысяч разновидностей пчёл,драма; ЛГБТ-фильм,Эстибалис Урресола,Испания,2023
20 сигарет,драма; комедия,Александр Горновский,Россия,2007
20 сантиметров,комедия; мюзикл,Рамон Саласар,Испания; Франция,2005
20 миллионов миль до Земли,"научно-фантастический фильм; фильм о монстрах; фильм-катастрофа; приключения; фэнтези; фильм-триллер; фильм ужасов; научно-фантастический фильм ужасов; ,",Натан Юран,США; Италия; ФРГ,1957
20 дней в Мариуполе,документальный фильм; военный фильм,Мстислав Чернов,Украина,2023
20 декабря (телефильм),исторический фильм,Григорий Никулин,СССР,2017
20 000 лье под водой,"приключенческий фильм, научная фантастика",Род Харди,США,1997
20 000 лье под водой,"драма; стимпанк; приключенческий фильм; ,",Ричард Флейшер,США,1954
20 000 лье под водой,фантастика,Стюарт Патон,США,1916
20 000 лет в Синг-Синге,Криминальная мелодрама; Тюремная драма,Майкл Кёртис,США,1932
20 000 дней на Земле,документальный; музыкальный,Айан Форсайт; Джейн Поллард,Великобритания,2014
18-летняя девственница,комедия,Тамара Олсон,США,2008
18-14,исторический; детектив; приключение,Андрес Пуустусмаа,Россия,2007
18 мая,боевик; драма; военный; история,Ким Джи Хун,Республика Корея,2007
18 килогерц,драма,Фархат Шарипов,Казахстан,2020
18 бронзовых бойцов,боевик; драма,Джозеф Го,Гонконг; Китайская Республика,1975
17 девушек,драма,Дельфин Кулин; Мюриэль Кулин,Франция,2011
16 кварталов,криминальный фильм; драма; триллер,Ричард Доннер,США,2006
16 желаний,подростковая; фэнтезийная комедия,Питер Делуиз,США,2010
15 минут славы,Криминальная драма; боевик,Джон Херцфелд,США,2001
15 августа,комедия,Патрик Алессандрен,Франция,2001
14+,мелодрама,Андрей Зайцев,Россия,2015
14 клинков,боевик; триллер,Дэниел Ли,Гонконг; Китай,2010
14 июля,комедия,Рене Клер,Франция,1933
14 амазонок,приключенческий фильм; драма; военный фильм,Чэн Ган; Дун Шаоюн,Гонконг,1972
13-я жертва,ужасы,Мэл Хаус,США,2008
13-й участок,"криминальный фильм; драма; экранизация; ,",Мартин Фрич,Чехословакия,1946
13-й район,боевик,Пьер Морель,Франция,2004
13-й знак,Ужасы,Джонти Эктон; Адам Мэйсон,Великобритания,2000
13-й апостол,фантастический фильм,Сурен Бабаян,СССР,1988
13 убийц,боевик,Такаси Миикэ,Япония,2010
13 стульев,Комедия,Эмерих Йозеф Войтек,Нацистская Германия,1938
13 призраков,фильм ужасов,Уильям Касл,США,1960
13 изгнаний дьявола,фильм ужасов,Хакобо Мартинес,Испания,2022
13 друзей хунты,документальный,,Россия,2014
13 дней во Франции,документальный фильм; спортивный фильм,Клод Лелуш; Франсуа Рейшенбах; Жиль Ги,Франция,1968
13 грехов,"триллер; фильм ужасов; ,",Даниэль Штамм,США,2014
12 стульев,комедия; мюзикл; мелодрама,Марк Захаров,СССР,1976
12 стульев,комедия,Леонид Гайдай,СССР,1971
12 стульев (телеспектакль),телеспектакль,Александр Белинский,СССР,1966
12 раундов,боевик; триллер; криминал,Ренни Харлин,США,2009
12 разгневанных мужчин,процессуальная драма,Уильям Фридкин,США,1997
12 разгневанных мужчин,драма; юридическая,Сидни Люмет,США,1957
12 обезьян,фантастика; триллер; драма; антиутопия,Терри Гиллиам,США,1995
12 могил Ходжи Насреддина,"комедия; сказка; ,",Климентий Минц,СССР,1966
12 месяцев. Новая сказка,"фильм-сказка; комедия; мелодрама; семейный фильм; ,",Денис Елеонский,Россия,2015
12 месяцев,романтическая; фэнтезийная комедия,Александр Баршак,Россия,2013
12 лет рабства,историческая; драма,Стив Маккуин,Великобритания; США,2013
12 дней страха,"ужасы; триллер; драма; ,",Джек Шолдер,ЮАР,2004
12,"психологический; триллер; юридический; детектив; драма; ,",Никита Михалков,Россия,2007
,драма,Филипп Годо,Франция,2013
11-11-11,фильм ужасов о сверхъестественном,Даррен Линн Боусман,США; Испания,2011
11 сентября,драма; исторический; киноальманах,Самира Махмальбаф; Клод Лелуш; Юсеф Шахин; Данис Танович; Идрисса Уэдраого; Кен Лоуч; Алехандро Гонсалес Инарриту; Амос Гитай; Мира Наир; Шон Пенн; Сёхэй Имамура,Иран; Франция; Египет; Босния и Герцеговина; Буркина-Фасо; Великобритания; Мексика; Израиль; Индия; США; Япония,2002
10 шагов к успеху,комедийная драма,Брэд Силберлинг,США,2006
10 причин моей ненависти,подростковая; романтическая комедия,Джил Джангер,США,1999
10 на 10,психологический триллер,Сьюзи Юинг,Великобритания; США,2018
10 миль в час,Документальное кино,Хантер Уикс,США,2007
10 лет спустя,романтическая; комедийная драма,Джеми Линден,США,2011
10 000 лет до нашей эры,приключенческий боевик,Роланд Эммерих,ЮАР; США,2008
9/11,драма; фильм-катастрофа,Мартин Гиги,США,2017
9 смертей ниндзя,боевик,Эмметт Олстон,США,1985
9 секунд,"биография; драма; ,",Олег Штром,Россия,2024
9 рота,"военно; исторический; боевик; драма; ,",Фёдор Бондарчук,Россия; Украина,2005
9 песен,драма; мелодрама; музыкальный фильм; эротика,Майкл Уинтерботтом,Великобритания,2004
9 месяцев строгого режима,комедия,Альбер Дюпонтель,Франция,2013
9 мёртвых геев,драма; комедия,Лаб Ки Мо,Великобритания,2002
9 мая. Личное отношение,Телеальманах,Авдотья Смирнова; Александр Котт; Владимир Котт; Евгений Лаврентьев; Карен Оганесян; Максим Пежемский; Егор Кончаловский; Василий Чигинский,Россия,2008
9 душ,фильм-драма,Тосиаки Тоёда,Япония,2003
9 апреля,"Военный, драма",Рони Эзра,Дания,2015
8-битное Рождество,комедия,Майкл Даус,США,2021
8 свиданий,Романтическая кинокомедия,"Перис Романо, Родриго Сорогойен",Испания,2008
8 подруг Оушена,кинокомедия; криминальный фильм,Гэри Росс,США,2018
8 первых свиданий,"мелодрама; комедия; ,",Дэвид Додсон; Александр Маляревский,Россия; Украина,2012
8 миллиметров,триллер; криминал,Джоэл Шумахер,США; Германия,1999
8 лучших свиданий,комедия; мелодрама; /,Марюс Вайсберг,Россия; Украина,2016
8 женщин,мюзикл; комедия; детектив,Франсуа Озон,Франция; Италия,2002
8 ½ $,криминальная комедия,Григорий Константинопольский,Россия,1999
8,драма; историческая,Хулио Медем,Испания,2025
07-й меняет курс,боевик; драма; /,Владимир Потапов,Россия,2007
7 ящиков,триллер; криминал,Хуан Карлос Манелья; Тана Шембори,Парагвай,2012
7 секунд,боевик,Саймон Феллоуз,США; Румыния; Швейцария; Великобритания,2005
7 женщин,драма,Джон Форд,США,1966
"7 дней, 7 ночей",семейный фильм,Айк Кбеян,Россия,2024
7 дней и ночей с Мэрилин,драма; биография,Саймон Кёртис,Великобритания,2011
7 дней до смерти,драма; фильм ужасов; триллер,Себастьян Ниман,США; Германия; Чехия,2000
7 дней в Сирии,документальный фильм,Роберт Риппбергер,США,2015
7 главных желаний,комедия; мелодрама,Вадим Соколовский,Россия,2013
6-й день,фантастика; триллер,Роджер Споттисвуд,США,2000
6 дней,боевик; триллер,Тоа Фрейзер,Великобритания; Новая Зеландия,2017
5×2,мелодрама; драма,Франсуа Озон,Франция,2004
5-я волна,постапокалиптика; научная фантастика,Дж. Блэйксон,США,2016
5 терапия,"драма; триллер; биография; ,",Алиса Павловская,Украина,2017
5 сантиметров в секунду,,Ёсиюки Окуяма,Япония,2025
5 разбитых камер,документальный фильм,"Эмад Бурнат, Гай Давиди",Израиль; ПНА; Франция; Нидерланды,2011
5 причин не влюбиться в казаха,комедия,Аскар Узабаев,Казахстан,2017
5 неизвестных,триллер,Симон Бранд,США,2006
5 недель,трагикомедия,Александр Андреев,Россия,2021
5 дней в августе,военный; боевик,Ренни Харлин,США; Грузия,2011
,триллер,Ноэль Кларк,Великобритания,2010
4 x 4,"драма, комедия","Рольф Клеменс, Палле Кьерулф-Шмидт, Мауну Куркваара",Финляндия; Норвегия; Швеция; Дания,1965
"4 месяца, 3 недели и 2 дня",драма; психологическая,Кристиан Мунджиу,Румыния,2007
4 маленькие девочки,Исторический документальный,Спайк Ли,США,1997
4 листа фанеры,детектив,Иван Гаврилюк; Сайдо Курбанов,Украина,1992
4 дня в мае,военная; драма; боевик,Ахим фон Боррис,Германия; Украина; Россия,2011
4 американских композитора,"документальный; музыкальный; ,",Питер Гринуэй,Великобритания,1983
4,драма,Илья Хржановский,Россия; Нидерланды,2004
3 ночи в пустыне,драма,Гэбриэль Коуэн,США,2014
3 идиота,комедия; семейный фильм,Карлос Боладо,Мексика,2017
3 идиота,комедия; драма; /,Раджкумар Хирани,Индия,2009
3 гигантских человека,супергеройский фильм,Tevfik Fikret Uçak,,1973
,драма; семейный,Юго Желен,Франция; Великобритания,2016
2-Асса-2,драма,Сергей Соловьёв,Россия,2008
2 Girls 1 Cup,порнофильм; ЛГБТ-фильм,Марко Фиорито,Бразилия,2007
2 секунды,комедия,Манон Брайан,Канада,1998
2 дурня в снегу,комедия,Жан-Луи Гийерму,Франция,1977
2 дня в Париже,комедия; драма; мелодрама,Жюли Дельпи,Франция; Германия,2007
1+1,комедийная драма; бадди-муви,Оливье Накаш; 2; Эрик Толедано,Франция,2011
01-99,комедия,Амасий Мартиросян,СССР,1959
1 миля до тебя,драма; мелодрама,Лейф Тильден,США,2017
1 %,криминальный,Стив МакКаллум,Австралия,2017
1,документальный,Пол Краудер,США,2013
0-41*,документальный; драма; комедия,Сенна Хегде,Индия,2016
(Не)идеальные роботы,"романтическая комедия; научно-фантастический фильм; ,; экранизация литературного произведения",Энтони Хайнс; Каспер Кристенсен,США,2023
(Не)бывшие,драма; мелодрама,Стефан Бризе,Франция,2023
«SOS» над тайгой,"драма; приключения; ,","Аркадий Кольцатый; ,; Валентин Перов",СССР,1976
«Чудотворец» из Бирюлёва,игровое кино,Борис Эпштейн,СССР,1958
«Спартак». Действующие лица и… болельщики,"документальный; спорт; ,","Илья Гутман; Иосиф Пастернак; ,",СССР,1985
"«Москвич», любовь моя",драма,Арам Шахбазян,Армения; Франция; Россия,2015
…которого любили все,документально; биографический фильм,Леонид Осыка,СССР,1982
…И прекрасный миг победы,спортивный фильм,Вячеслав Винник,СССР,1984
…и передайте привет ласточкам,"драма, военный",Яромил Йиреш,Чехословакия,1972
…а пятый всадник — Страх,"драма, военный, арт-хаус",Збынек Брыных,Чехословакия,1965
?,драма; 1,Ханун Брамантйо; 1,Индонезия,2011
"Аватар, или Замена душ",фантастика; драма,Януш Маевский,Польша,1964
Аватар 4,эпический фильм; научная фантастика; боевик; приключения; фэнтези,Джеймс Кэмерон,США,2029
Аватар,эпический фильм; научная фантастика; приключенческий боевик; 1; драма,Джеймс Кэмерон,3; 9; 10; США; Великобритания,2009
Аватар,драма; мистическая,Кармине Галлоне,Италия,1916
Авария,триллер,Джонатан Мостоу,США,1997
Авария,детектив,Джеймс Аллен,ЮАР; США; Заир,1990
Авария,боевик,Серджиу Николаеску,Румыния,1976
Авария,детектив; драма,Витаутас Жалакявичюс,СССР,1974
Авария,Детектив,Александр Абрамов; Наум Бирман,СССР,1965
Авария — дочь мента,драма,Михаил Туманишвили,СССР,1989
Аварийный выход,комедия,Роман Залуски,Польша,1982
Авантюристы,приключения,Константин Буслов,Россия,2014
Авантюристы,"драма; комедия; боевик; военный; приключения; ,",Анри Вернёй,Франция,1984
Авантюристы,приключенческий фильм,Дэвид Макдональд,Великобритания,1951
Авантюрист,драма; 1; приключенческий фильм; военная,Чжан Пэйчэн,Китайская Республика,1976
Авантюра леди Хелен,короткометражный фильм,Дэвид Уорк Гриффит,США,1909
Авантюра,"комедия; шпионский фильм; ,",Виталий Макаров,Россия; Украина,1995
Аванти!,комедия,Билли Уайлдер,США; Италия,1972
Аванти пополо,военная драма,Рафи Букай,Израиль,1986
Авансцена,драма; биография,Стэнли Кван,Гонконг,1991
Аванпост,"фильм-триллер; научно-фантастический фильм; боевик; антиутопический фильм; ,","Баранов, Егор Геннадьевич",Россия,2019
Авалон,фантастика; триллер; драма; киберпанк,Мамору Осии,Япония; Польша,2001
Авалон,драма,Барри Левинсон,США,1990
Ава,драма,Леа Мисиус,Франция,2017
Абу Райхан Беруни,драма,Шухрат Аббасов,СССР,1974
Абсурдистан,Комедия,Файт Хельмер,Германия; Азербайджан,2008
Абсолютные новички,драма; фэнтези; мелодрама; мюзикл,Джулиен Темпл,Великобритания; Австралия,1986
Абсолютная сотня,криминал; драма; боевик; триллер,Срджан Голубович,СР Югославия,2001
Абсолютная власть,драма; триллер; детектив,Даниэль Рагуссис,США,2016
Абсолютная власть,драма; триллер,Клинт Иствуд,США,1997
Абсолютная власть,"драма; триллер; ,",Джон Ирвин,"Франция; ,; Израиль; Канада; Великобритания",1990
Абсолон,фантастический боевик,Дэвид Барто,Великобритания; Канада,2003
Абрикосовые рощи,драма; мелодрама,Пуриа Хейдари Урех,Армения,2016
"Абраксас, хранитель Вселенной",боевик,Дэмьен Ли,США,1991
Аборт,,Ариндам Сил,Индия,2013
Абориген,Драма,Елена Николаева,СССР,1988
Абитуриентка,Драма,Алексей Мишурин,СССР,1973
Абесалом и Этери,"опера; драма; романтика; ,",Леонард Эсакия,Грузия,1966
Абель,комедия,Алекс ван Вармердам,Нидерланды,1986
"Абдулладжан, или Посвящается Стивену Спилбергу","фантастический фильм; комедия; ,",Зульфикар Мусаков,СССР,1991
Абдулла Арипов,"история; биография; ,",Музаффархон Эркинов,Узбекистан,2023
Аббатство Даунтон 3,,Саймон Кёртис,Великобритания; США,2025
Аббатство Даунтон,драма,Майкл Энглер,Великобритания,2019
Аббат Шаолиня,боевик; приключенческий фильм,Хэ Мэнхуа,Гонконг,1979
Абатуар. Лабиринт страха,фильм ужасов,Даррен Линн Боусман,США,2016
Аафат,криминальный триллер,Атма Рам,Индия,1977
Аанг (серия),,,,2024
А чой-то ты во фраке?,комедия; мюзикл; /,Иосиф Райхельгауз,Россия,1993
А у нас была тишина…,военная драма,Владимир Шамшурин,СССР,1977
А у вас который час?,драма,Цай Минлян,Китайская Республика,2001
"А теперь, дамы и господа",криминальный фильм; драма; мелодрама; триллер,Клод Лелуш,Франция; Великобритания,2002
А теперь суди…,драма,Владимир Довгань,СССР,1966
А теперь нечто совсем другое,комедия,Иан Макнафтон,Великобритания,1971
А теперь не смотри,мистический триллер,Николас Роуг,Великобритания; Италия,1973
А счастье рядом,мелодрама,Маргарита Касымова,СССР; Таджикская ССР,1978
А поутру они проснулись,комедия; драма,Сергей Никоненко,Россия,2003
А потом мы танцевали,драма,Леван Акин,Грузия; Франция; Швеция,2019
А пароходы гудят и уходят…,,Рубен Мурадян,СССР,1972
"А ну-ка, дедушки!",комедия,"Нинель Ненова-Цулая; Гено Цулая; ,",Болгария; СССР,1981
А кто я на этот раз?,драма,Джонатан Демми,США,1983
А как же Боб?,комедия,Фрэнк Оз,США,1991
А зори здесь тихие...,драма; военный,Ренат Давлетьяров,Россия,2015
А зори здесь тихие,драма; военный; экранизация,Станислав Ростоцкий,СССР,1972
А защищал её Плевако,драма,Николай Козловский,Российская империя,1916
А завтра весь мир,драма,Юлия фон Хайнц,,2020
А если это любовь?,драма,Юлий Райзман,СССР,1962
А вы любили когда-нибудь?,музыкальная комедия,Игорь Усов,СССР,1973
А вот и Хаггетты,"комедия; драма; ,",Кен Эннакин,Великобритания,1948
А вот и Полли,комедия,Джон Гамбург,США,2004
А вот и Лола,Романтическая комедия,Эллен Сидлер; Мэган Силер,США,2009
А вот и гости!,комедия; драма; семейный фильм; фэнтези,Дэвид Йейтс,Великобритания,2003
А в душе я танцую,драма,Дэмиен О'Доннелл,Великобритания; Ирландия; Франция,2004
А был ли Каротин?,детективный фильм; комедия,Геннадий Полока,СССР,1989
7500,Триллер; боевик,Патрик Воллрат,"США; ,; Австрия; Германия",2019
7500,ужасы; триллер,Такаси Симидзу,США; Япония,2014
3096 дней,драма,Шерри Хорман,Германия,2013
3000 миль до Грейсленда,"драма; комедия; криминал; триллер; ,",Дэмиен Лихтенштайн,США,2001
2081,Фантастика; Антиутопия,Чендлер Таттл,США,2009
,"научная фантастика; драма; ,",Принстон Холт,США,2018
2046,драма; мелодрама; фантастика,Вонг Карвай,Китай; Гонконг,2004
2030 — Восстание молодых немцев,фантастика; драма,Йорг Людорф,Германия,2011
2012,научно-фантастический; фильм-катастрофа,Роланд Эммерих,3; США,2009
2001 маньяк,комедия ужасов,Тим Салливан,США,2005
2000 метров до Андреевки,документальный фильм,Мстислав Чернов,Украина,2025
1993,драма,Александр Велединский,Россия,2023
1984,антиутопия,Диана Ринго,Финляндия; Россия,2023
1984,антиутопия,Майкл Рэдфорд,Великобритания,1984
1984,антиутопия; драма; фантастика,Майкл Андерсон,Великобритания,1956
1984 (рекламный ролик),Реклама,Ридли Скотт,США,1983
1971,документалистика,Джоанна Гамильтон,США,2014
1944,военный фильм; драма,Эльмо Нюганен; 1,Эстония; Финляндия,2015
1941. Крылья над Берлином,биография; мелодрама,Константин Буслов,Россия,2022
1941,военная; комедия,Стивен Спилберг,США,1979
1939,драма,Стивен Поляков,Великобритания,2009
1939,драма,Йоран Кармбак,Швеция,1989
1922,"криминальная драма; триллер; ,",Зак Хилдитч,США,2017
1917,военный фильм,Сэм Мендес,Великобритания; США,2019
1860,Драма,Алессандро Блазетти,Италия,1934
1812 год,драма; исторический,Василий Гончаров; Кай Ганзен; Александр Уральский,Российская империя,1912
1812 (документальный цикл),"документальный; драма; ,",Павел Тупик,Россия,1812
1612,Приключенческий фильм,Владимир Хотиненко,Россия,2007
1500 шагов,драма,Джош Рейд,Австралия,2014
1408,психологические ужасы; триллер; мистика; психоделика; драма,Микаэль Хофстрём,США,2007
1210,драма,Арсений Гончуков,Россия,2012
1040,документальный,Эван Джексон Леонг,США,2010
1002-ая ночь,музыкальный фильм,Мукадас Махмудов,СССР,1964
977,"фантастика; драма; ,",Николай Хомерики,Россия,2006
900 незабываемых дней,документальный; пропагандистский,Валерий Соловцов,СССР,1964
900 дней. Миф и реальность ленинградской блокады,документальный,Джессика Гортер,Нидерланды,2011
800 пуль,драма,Алекс Де Ла Иглесиа,Испания,2002
800 льё вниз по Амазонке,приключения,Луис Льоса,Перу; США,1993
713-й просит посадку,"драма; триллер; приключение; фильм-катастрофа; ,",Григорий Никулин,СССР,1962
711 Оушен Драйв,Фильм нуар,Джозеф М. Ньюман,США,1950
600 миль,драма,Габриэль Рипштейн,Мексика,2015
500 дней лета,романтическая; комедийная драма,Марк Уэбб,США,2009
475,документальный фильм,Nadir Bouhmouch,Марокко,2013
451 градус по Фаренгейту,"драма; антиутопическое произведение; научно-фантастический фильм; экранизация романа; ,",Рамин Бахрани,США,2018
451 градус по Фаренгейту,антиутопия,Франсуа Трюффо,Франция; Великобритания,1966
365 дней,эротическая комедия,Барбара Бяловонс; Томаш Мандес,Польша,2020
317-й взвод,военный фильм; драма,Пьер Шёндёрффер; 1,Франция; Испания,1964
"301, 302",триллер; фильм ужасов; детектив,Пак Чхоль Су,Республика Корея,1995
300 спартанцев,эпический; исторический; боевик,Зак Снайдер,США,2006
247 градусов по Фаренгейту,фильм ужасов,Леван Бакха,США; Грузия,2011
200 сигарет,комедия; драма; мелодрама,Риза Брэмон Гарсия,США,1999
187,"драма; триллер; ,",Кевин Рейнольдс,США,1997
180,документальный фильм,Рэй Комфорт,США,2011
130 детей,документальный фильм; 1,Ainara Aparici,,2022
128 ударов сердца в минуту,музыкальная драма,Макс Джозеф,"США; ,; Франция; Великобритания",2015
127 часов,драма; триллер,Дэнни Бойл,США; Великобритания,2010
120 ударов в минуту,драма; ЛГБТ-фильм; 1,Робен Кампийо,Франция,2017
109-й идёт без остановок,фильм-катастрофа,Дзюнъя Сато,Япония,1975
102 далматинца,комедия,Кевин Лима,США,2000
101-й километр,драма,Леонид Марягин,Россия,2001
101 Рейс,биография,Акром Шахназаров,Узбекистан,2022
101 Рейкьявик,романтическая комедия,Балтазар Кормакур,Исландия; Дания; Норвегия; Франция,2000
101 далматинец,семейный фильм; комедия; приключенческий фильм,Стивен Херек,США,1996
100 футов,триллер,Эрик Ред,США,2008
100 слёз,фильм ужасов,Маркус Кох,США,2007
100 проблем и девушка,Комедия,Мэтью Хаффман,США,2000
100 миллионов евро,комедия,Оливье Барру,Франция,2011
100 метров,драма; комедия,Марсель Баррена,Испания; Португалия,2016
100 лет,Научная фантастика,Роберт Родригес,Франция,2015
100 дней с Мистером Высокомерие,романтическая кинокомедия; мелодрама,Шин Джэ-хо,Республика Корея,2004
100 девчонок и одна в лифте,комедия,Майкл Дэвис,США,2000
100 всадников,исторический фильм; приключенческий фильм,Витторио Коттафави,ФРГ; Италия; Испания,1964
100 вещей и ничего лишнего,комедия,Флориан Давид Фиц,Германия,2018
99 франков,"комедия; драма; ,",Ян Кунен,Франция,2007
99 женщин,драма; триллер; фильм ужасов,Хесус Франко,ФРГ; Великобритания; Италия; Испания; Лихтенштейн,1969
99 домов,драма; 1; 2,Рамин Бахрани,США,2014
99,криминальный фильм,Майкл Кёртис,Венгрия,1918
92 ядерных взрыва на планете Земля,документальный фильм,Питер Гринуэй,,2010
90 минут на небесах,драма,Майкл Полиш,США,2015
88 минут,триллер,Джон Эвнет,США; Канада; Германия,2007
80 миллионов,"драма; боевик; исторический фильм; ,",Вальдемар Кшистек,Польша,2011
76 дней,документальный фильм,Ли Ву,Китай; США,2020
72 часа,военный; драма,Кира Ангелина,Россия,2015
72 метра,фильм-катастрофа; драма; трагикомедия,Владимир Хотиненко,Россия,2004
71 фрагмент хронологии случайностей,драма,Михаэль Ханеке,Австрия; Германия,1994
71,историческая; драма,Ян Деманж,Великобритания,2014
69,комедия; криминальный фильм,Пен-Ек Ратанаруанг,Таиланд,1999
65,научная фантастика,Скотт Бек; Брайан Вудс,США; 5,2023
57 секунд,,Расти Кандифф,США,2023
55-й элемент,драма; фильм-катастрофа,Энтони Пхунь,Гонконг,2024
55 дней в Пекине,"драма; исторический; военный; ,",Николас Рэй,США,1963
55,"документальный фильм; пропаганда; ,",Никита Михалков,Россия,2007
51,фантастика; фильм ужасов,Джейсон Коннери,США,2011
"50 ютуберов борются за $1,000,000 для своих подписчиков!",,,,2024
50 таблеток,Драма,Тео Эвгерино,США,2006
50 первых поцелуев,романтическая комедия,Питер Сигал,США,2004
50 оттенков голубого,драма,Стюарт Мейн,Новая Зеландия,2005
49 дней,"драма; приключения; ,",Генрих Габай,СССР,1962
47 ронинов,фэнтези; боевик; драма,Карл Ринш,США; Япония,2013
45-й калибр,драма,Гари Леннон,США,2006
45 лет,драма,Эндрю Хэйг,Великобритания,2015
42-я улица,комедия; мюзикл; мелодрама,Ллойд Бэкон; Басби Беркли; (муз. номера),США,1933
42,драма; спортивный фильм,Брайан Хелгеленд,США; 2; 3,2013
40-я дверь,драма,Эльчин Мусаоглу,Азербайджан,2009
40 дней и 40 ночей,кинокомедия,Майкл Леманн,США,2002
40,детектив; триллер; /,Александр Галибин,Россия,2007
39-я бригада,"исторический фильм, военный, экранизация",Карой Макк,Венгрия,1959
Актриса,мелодрама; комедия; военный фильм,Леонид Трауберг,СССР,1942
Активная зона,драма,Леонид Пчёлкин,СССР,1979
Актёры,комедия,Бертран Блие,Франция,2000
Актёры,"комедия, криминал",Конор МакФерсон,Великобритания; Германия; Ирландия,2003
Актёр Йоллер,драма,Вирве Аруоя,СССР,1960
Акт убийства,Фильм нуар,Майкл Гордон,США,1948
Акт убийства,документальный; исторический,Джошуа Оппенхаймер; Кристин Цинн (сорежиссёр); Анонимные сорежиссёры,Великобритания; Дания; Норвегия,2012
Акт насилия,Фильм нуар; Драма,Фред Циннеман,США,1948
Акт агрессии,криминальный фильм; драма,Жерар Пирес,Франция; Италия,1975
Акт,мелодрама; детективный фильм,Александр Рогожкин,Россия,1993
Аксели и Элина,"драма; исторический; ,",Эдвин Лайне,Финляндия,1970
Акселератка,эксцентрическая комедия,Алексей Коренев,СССР,1987
Акробатическая смесь,хроника; короткометражка,Макс Складановский,Германская империя,1895
"Акмаль, дракон и принцесса",сказка,Юрий Степчук,СССР,1981
Аккумулятор 1,"фантастика; комедия; ,",Ян Сверак,Чехия; 1,1994
Аккорды долгой жизни,"биографический фильм; драма; комедия; мюзикл; ,",Анар Рзаев,СССР,1981
Аккордеонист,Документальное кино,Луи Лепренс,Великобритания,1888
Аккомпаниаторша,"драма; военный фильм; ,",Клод Миллер,Франция,1992
Аккатоне,драма,Пьер Паоло Пазолини,Италия,1961
"Аквариум, или Одиночество шпиона","драма; боевик; ,",Энтони Краузе,Германия; Польша; Украина,1996
Аквариум,драма,Андреа Арнольд,Великобритания,2009
Акварель,драма,Отар Иоселиани,СССР,1958
Акварели,мелодрама,Дэвид Оливерас,США,2008
Акванавты,Фантастика,Игорь Вознесенский,СССР,1979
Аквамен и потерянное царство,супергероика; боевик; фантастика; приключения,Джеймс Ван,США,2023
Аквамен,супергероика; боевик; приключения; фантастика,Джеймс Ван,США,2018
Аквамарин,фэнтези; комедия; семейный фильм,Элизабет Аллен,Австралия; США,2006
Акваланги на дне,детектив; приключенческий фильм; детский,Евгений Шерстобитов,СССР,1965
Акации,драма,Пабло Джорджелли,Аргентина; Испания,2011
Академия смерти,драма; военный фильм; /,Деннис Ганзель,Германия,2004
Академия Рашмор,комедия; драма,Уэс Андерсон,США,1998
Академия пана Кляксы,киносказка,Кшиштоф Градовский,СССР; Польша,1983
Академия вампиров,фэнтезийный; комедийный фильм ужасов,Марк Уотерс,США; Великобритания,2014
Академик из Аскании,биографический фильм,Владимир Герасимов,СССР,1961
Академик Иван Павлов,биографическая; драма,Григорий Рошаль,СССР,1949
Айя,"мелодрама; экранизация; ,",Варис Брасла,СССР,1987
Айша,романтическая комедия,Раджшри Оджха; 1,Индия,2010
Айта,"драма; триллер; ,",Степан Бурнашёв,Россия,2022
Айседора,драма,Карел Рейш,Великобритания,1968
Айсберг,"фильм-катастрофа; боевик; приключенческий фильм; ,",Шейн Ван Дайк,США,2010
Айрис,драма,Ричард Айр,Великобритания; США,2001
Айрис,документальный,Альберт Мэйслес,США,2014
Айрик,мелодрама,Генрих Малян,СССР,1972
Айна,"драма; исторический; ,","Алты Карлиев; , Владимир Иванов",СССР,1959
Айлин,психологический фильм-триллер; экранизация романа,Уильям Олдройд,США; Великобритания,2023
Айла,драма,Джан Улкай,Турция; Республика Корея,2017
Айка,драма,Сергей Дворцевой,Казахстан; Россия; Германия; Китай; Польша,2018
Айгюн,мелодрама,Кямиль Рустамбеков,СССР; /; Азербайджанская ССР,1960
Айви,Фильм нуар; Мелодрама,Сэм Вуд,США,1947
Айвенго,приключенческий фильм,Дуглас Кэмфилд,США; Великобритания,1982
Айвенго,"исторический фильм; приключение; ,",Ричард Торп,США,1952
Айболит-66,"музыкальный фильм; 1; комедия; приключения; артхаус; семейный фильм; ,",Ролан Быков; 1,СССР,1967
Аист,"драма; притча; ,",Валерий Жереги,СССР,1978
Аир,драма; 1; экранизация литературного произведения,Анджей Вайда; 1; 2,Польша,2009
Аин,драма,Аллен Фон Юкпхин,Гонконг,1983
Аида,драма,,Италия,1911
Аида,фильм; опера; музыкальный фильм; драма; мелодрама,Клементе Фракасси,Италия,1953
Азор,драма,Бакич Видяй,Россия,2018
Азирис Нуна,фантастика,Олег Компасов,Россия,2006
Азиатский связной,боевик,Дэниэл Дзирилли,Таиланд; США,2016
Азбука футбола,комедия,Холли Голдберг Слоан,США,1995
Азбука смерти,"ужасы; комедия; мистика; боевик; драма; ,",см. ниже,США,2012
Азбука любви,мелодрама,Леонс Перре,США,1919
Азартные игры,"триллер; драма; ,",Джон Франкенхаймер,США,2000
Азартная игра,драма,Уильям Фридкин,США,1994
Азарт удачи,комедия,Билли Уайлдер,США,1966
Азарт любви,"музыкальный фильм; драма; боевик; ,",Мансур Хан,Индия,2000
Азамат,драма,,СССР,1939
Адский переплёт,Фильм нуар; Триллер,Уильям Дж. Хоул-младший,США,1957
Адский остров,Фильм нуар,Фил Карлсон,США,1955
Адский небоскрёб,комедия; кинопародия,Шарль Немес,Франция,2001
Адский котёл,фильм ужасов,Жорж Мельес,Франция,1903
Адский ветряк,боевик,Лу Цзюньгу; Тони Вон,Гонконг,1979
Адский бункер,боевик; фильм ужасов,Стив Баркер,Великобритания,2008
Адская поездка,"боевик; триллер; приключения; ,",Ларри Бишоп,США,2008
Адская ночь,ужасы; триллер,Том Де Саймон,США,1981
Адская месть-2. Кровавые крылья,фильм ужасов,Джефф Барр,США,1994
Адская кухня,криминальная; драма; боевик,Андреа Берлофф,США,2019
Адская кухня,"криминал; драма; ,",Тони Чинчирипини,США,1998
Адская кухня,драма,Сильвестр Сталлоне,США,1978
Адская жёнушка,комедия,Джеймс Лейн; Дональд Джонс,США,1993
Адрес неизвестен,комедийная драма,Жан-Поль ле Шануа,Франция,1950
Адрес Ленина,,Владимир Петров,СССР,1929
Адрес вашего дома,военная; драма; приключения,Евгений Хринюк,СССР,1972
Адреналин,боевик; триллер; криминал; чёрная комедия,Марк Невелдайн; Брайан Тейлор,США,2006
Адреналин,фильм ужасов,Анита Ассаль; Бартоломи Бомпар,Франция,1990
Адмиралъ,исторический; военный; приключенческий; мелодрама; драма,Андрей Кравчук,Россия,2008
Адмирал Ушаков,историко-биографический,Михаил Ромм,СССР,1953
Адмирал Нахимов,историко-биографический,Всеволод Пудовкин,СССР,1946
Адмирал,байопик; военный фильм; исторический фильм; драма,Роэль Рейн,Нидерланды,2015
Административная власть,романтический фильм; драма,Роберт Уайз,США,1954
Аджами,драма,Скандар Копти; Ярон Шани,Израиль; Германия,2009
Адемай на пограничном посту,комедия,Поль Коллин,Франция,1950
Адела ещё не ужинала,"Кинокомедия; детектив; ,",Олдржих Липский,Чехословакия,1977
Адвокат дьявола,ужасы; триллер; драма,Тейлор Хэкфорд,США,1997
Адвокат,драма,Ян Усок,Республика Корея,2013
Адвокат,"драма; детектив; ,",Искандер Хамраев,СССР,1990
Адвокат,драма,Уильям Уайлер,США,1933
Адаптация,трагикомедия,Спайк Джонз,США,2002
Адамовы яблоки,комедия; драма; криминальный фильм,Андерс Томас Йенсен,Дания; Германия,2005
Адам хочет быть человеком,драма,Витаутас Жалакявичюс,СССР,1959
Адам и Хева,комедия,Алексей Коренев,СССР,1969
Адам и Стив,комедия,Крэйг Честер,США,2005
Адам женится на Еве,драма; комедия,Виктор Абросимович Титов,СССР,1980
Адам,драма; мелодрама,Макс Майер,США,2009
Адажио,"криминальный фильм; фильм-триллер; polar; ,",Стефано Соллима,Италия,2023
Ада! Это же неудобно!,комедия,Конрад Том,Польша,1936
"Ад, или Досье на самого себя",драма,Геннадий Беглов,СССР,1989
Ад Танжера,драма,Франк Ван Мехелен,Бельгия,2006
Ад по соседству,"драма; 1; фильм ужасов; фильм-триллер; ,",Дэвид Мармор; 1,США; 1,2019
Ад каннибалов 3,Ужасы; Приключения,Руджеро Деодато,Италия,1977
Ад каннибалов,фильм о каннибалах,Руджеро Деодато,Италия,1980
Ад и небо,Фантастическая; комедия,Станислав Ружевич,Польша,1966
Ад живых мертвецов,фильм ужасов,Бруно Маттеи; Клаудио Фрагассо,Италия; Испания,1980
Ад в Тихом океане,приключенческий фильм; боевик,Джон Бурмен,США,1968
Ад в поднебесье,фильм-катастрофа,Джон Гиллермин,США,1974
Ад в заливе Фриско,Фильм нуар,Фрэнк Таттл,США,1956
Ад,"криминальная; драма; чёрный юмор; ,",Луис Эстрада,Мексика,2010
Ад,драма,Клод Шаброль,Франция,1994
Ад,"немое кино; драма; фильм ужасов; фэнтези; ,",Джузеппе де Лигуоро; Адольфо Падован; Франческо Бертолини,Италия,1911
Ад — это город,криминальный фильм,Вэл Гест,Великобритания,1960
Агро Дрифт,боевик; экспериментальный кинематограф,Хармони Корин,США,2023
Агрессивные дамочки,комедия; пародия,Джули Браун; Ричард Уэнк,США,1994
Агора,биография; драма; приключения; история; пеплум; 1,Алехандро Аменабар,Испания; Мальта; Португалия; Франция; США,2009
Агония,"исторический фильм; драма; ,",Элем Климов,СССР,1981
Агнец,фолк-хоррор,Вальдимар Йоханнссон,Исландия; Швеция; Польша,2021
Агнесса Божья,драма; триллер,Норман Джуисон,США,1985
Агитбригада «Бей врага!»,комедия; драма,Виталий Мельников,Россия,2007
"Агирре, гнев божий","драма; приключения; ,",Вернер Херцог,ФРГ,1972
Агенты Сокол и Снеговик,драма; триллер; /,Джон Шлезингер,Великобритания; США,1985
Агенты КГБ тоже влюбляются,комедия положений,Себастьян Аларкон,СССР,1991
Агенты казначейства,нуар,Энтони Манн,США,1947
Агенты А.Н.К.Л.,Комедийный боевик,Гай Ричи,США,2015
Агент-невидимка,фильм ужасов; фантастический фильм,Эдвин Л. Марин,США,1942
Агент секретной службы,"детектив; шпионский; драма; ,",Ион Скутельник,СССР,1978
Агент под прикрытием,криминальный; комедийный боевик,Том Воган,США,2013
Агент по кличке Спот,боевик; комедия; /,Джон Уайтселл,США,2001
Агент по имени Далила,триллер,Ричард Франклин,США,1992
Агент особого назначения,Детектив,"Константин Статский; Наталья Шабанова; Андрей Элинсон; (1-й сезон),; (2-й сезон),; (3-й и 4-й сезоны)",Россия,2010
Агент Коди Бэнкс,комедия; пародия; боевик,Харальд Цварт,США,2003
Агент Картер,"короткометражка; боевик; приключения; научная фантастика; ,",Луис Д'Эспозито,США,2013
Агент Ева,боевик; триллер; драма; криминал; детектив,Тейт Тейлор,США,2020
Агент Джонни Инглиш 3.0,комедия; пародия; боевик,Дэвид Керр,Великобритания; Франция,2018
Агент Джонни Инглиш,комедия; боевик,Питер Хауитт,2; 3; Великобритания; Франция; США,2003
Агент,боевик,Аарон Норрис,США,1991
Агата,драма; триллер; /,Майкл Эптед,Великобритания,1979
Автострада,фильм ужасов; триллер; мистика,Мик Гаррис,США,1997
Автостопом по галактике,приключенческий фильм; комедия; фантастика,Гарт Дженнингс,Великобритания; США,2005
Автостоп,мелодрама; комедийная драма,Никита Михалков,Италия; СССР; Швейцария,1990
Авторитеты,супергеройский фильм,,США,2025
Авторитет,blaxploitation; драма; боевик,Эрнест Дикерсон,США,1992
Авторитет,боевик; триллер,Райан Комбс,США,2008
Автора! Автора!,мелодрама,Артур Хиллер,США,1982
Автор,драма; комедия,Мануэль Мартин Куенка,Испания; Мексика,2017
Автопробег «Париж — Нью-Йорк»,фантастика,Жорж Мельес,Сибирь; Франция; Нью-Йорк; (съёмки); Германия,1908
Автопортрет неизвестного,драма,Вячеслав Криштофович,СССР,1988
Автомобильные воры,драма,Дж. Стюарт Блэктон,США,1906
"Автомобиль, скрипка и собака Клякса",комедия; музыкальный фильм; сказка,Ролан Быков,СССР,1974
Автомобиль на крыше,"исторический, комедия, драма, экранизация",Дмитрий Кесаянц,СССР,1980
Автомобиль,"фильм ужасов; фильм-тайна; фильм-триллер; ,",Эллиот Силверштейн,США,1977
"Автомобили, которые съели Париж",фильм ужасов; комедия; /,Питер Уир,Австралия,1974
Автомат,документальный фильм,Лиза Гурвиц,США,2021
Автокатастрофа,"драма; триллер; ,",Дэвид Кроненберг,Канада; 3; 4; […]; Великобритания,1996
Автобусная остановка,комедийная; драма,Джошуа Логан,США,1956
Автобус отходит в 6.20,"драма; соцреализм; ,",Ян Рыбковский,Польша,1954
Автобус,комедия,Арне Скуэн,Норвегия,1961
Автобан,боевик,Эрен Криви,Германия; США; Великобритания,2016
Австрийское поле,драма,Андрей Черных,СССР,1991
Австрийка,драма; исторический фильм,Пьер Гранье-Дефер,Франция,1989
Австралия,эпическая; драма,Баз Лурман,Австралия; США; Великобритания,2008
Аврора,"драма; мелодрама; ,",Оксана Байрак,Украина,2006
Авиценна,"Биографический фильм; исторический фильм; ,",Камиль Ярматов,СССР,1956
"Авива, любовь моя",драма,Шеми Зархин; 1,Израиль,2006
Авиатор,научно-фантастическая; драма,Егор Кончаловский,Россия,2025
Авиатор,фильм-биография; драма,Мартин Скорсезе,США; Германия; Япония,2004
Авиапочта,мелодрама; приключения,Ирвин Виллат,США,1925
"Авель, твой брат",психологическая; драма,Януш Насфетер,Польша,1970
Аве Цезарь,комедия,Энтони Майкл Холл,США,1994
Аве Мария,"драма; мелодрама; ,",Людмила Ефименко,Украина,1999
Авдотья Павловна,"киноповесть; драма; социальная драма; ,",Александр Муратов,СССР,1966
Августовские киты,драма,Линдсей Андерсон,США,1987
Августовская рапсодия,драма,Акира Куросава,Япония,1991
Август. Восьмого,"военный; боевик; драма; ,",Джаник Файзиев,Россия,2012
Август Раш,драма; мелодрама,Кирстен Шеридан,США,2007
Август без императора,"драма; триллер; ,",Сацуо Ямамото,Япония,1978
Август,"военный; триллер; боевик; детектив; драма; ,","Никита Высоцкий; , Илья Лебедев",Россия,2025
Август,"комедия; драма; ,",Энтони Хопкинс,Великобритания,1996
Американская трагедия,драма,Джозеф фон Штернберг,США,1931
Американская сказка,фэнтези; комедия,Дэвид Цукер,США,2008
Американская рапсодия,"биографический фильм; фильм о взрослении; драма; 1; 2; […]; ,",Эва Гардос,США; Венгрия,2001
Американская пастораль,"драма; , криминал",Юэн Макгрегор,США,2016
Американская ночь,трагикомедия,Франсуа Трюффо,Франция; Италия,1973
Американская Мэри,фильм ужасов; триллер,Джен Соска; Сильвия Соска,Канада,2012
Американская милашка,Роуд-муви,Андреа Арнольд,Великобритания; США,2016
Американская мечта,комедия; музыка,Пол Вайц,США,2006
Американская история Икс,драма; криминал,Тони Кэй,США,1998
Американская интрижка,комедия; драма,Уильям Олсон,США,2008
Американская звезда,фильм-триллер,Гонсало Лопес-Гальего,США; Великобритания,2024
Американская жестокость,"драма; криминальный фильм; ,",Тимоти Вудворд мл.,США,2016
Американская дочь,трагикомедия; роуд-муви,Карен Шахназаров,Россия; США,1995
Американская девочка,"подростковый фильм; комедия; драма; ЛГБТ-фильм; ,",Джордан Брэйди; 1,США,2002
Американская готика,ужасы; триллер,Джон Хаф,Великобритания; Канада,1987
Американская басня,триллер,Энн Хэмилтон,США,2016
Американка,драма,Семи Челлас,Канада; США,2019
Американка,"драма; трагикомедия; ,",Дмитрий Месхиев,Россия,1997
Американизируй меня,драма,Эдвард Джеймс Олмос,США,1992
Американизация Эмили,"драма, комедия, военный, мелодрама, экранизация",Артур Хиллер,США,1964
Американец в Риме,комедия,Стено,Италия,1954
Американец в Париже,музыкальный фильм; мелодрама,Винсент Миннелли,США,1951
Американец,драма,Майкл А. Гурджиан,Армения,2022
Американец,драма; криминальный фильм; /,Антон Корбейн,США,2010
Американа,драма,Дэвид Кэррадайн,США,1983
"Америка, Америка","драма; мистика; ,",Элиа Казан,США,1963
Америка-3000,постапокалиптика,Дэвид Энгельбах,США,1986
Америка,Криминальная драма,Жуан Нуно Пинту,Испания; Португалия; Россия; Бразилия,2010
Амелия,биография; драма; мелодрама,Мира Наир,США; Канада,2009
Амели,романтическая комедия,Жан-Пьер Жёне,Франция; 2; 3,2001
Амбициозная кунгфуистка,боевик; приключенческий фильм,Лу Цзюньгу,Гонконг,1981
Амбивалентность,триллер; драма,Антон Бильжо,Россия,2019
Амаркорд,комедия; драма,Федерико Феллини,Италия; Франция,1973
"Амар, Акбар, Антони","комедия; ,",Манмохан Десаи,Индия,1977
Аманда ночью,"1; порнофильм, криминальная драма, триллер",Гэри Грейвер,США,1981
Аманда и инопланетянин,фантастика; комедия,Джон Кролл,США,1995
Аманда,драма; 2,Каролина Кавалли,Италия; Франция,2022
Амангельды,историческая драма,Моисей Левин,СССР,1938
Аманат,"биография; история; военный; драма; ,",Антон Сиверс; Рауф Кубаев,Россия,2022
Аманат,Драма,Сатыбалды Нарымбетов,Казахстан,2015
Амайа. Дитя вампира,"драма; фэнтези; фильм о вампирах; ,",Игорь Легаррета,,2021
Амазонки на Луне,"фантастика; скетч-шоу; ,",Джо Данте; Джон Лэндис; Карл Готлиб; Питер Хортон; Роберт К. Уайсс,США,1987
Амазонка в огне,"приключения; драма,",Луис Льоса,Перу; США,1993
Амазония,"комедия; фантастика; приключения; ,",Филипп де Брока,Франция,2000
Амадей,биографическая; историческая драма,Милош Форман,США,1984
"Аляска, сэр!","детектив, приключения",Вячеслав Ребров,Россия,1992
Аляска,драма,Клаудио Купеллини; 1; 2,Италия; Франция,2015
Алюминиевые человечки,комедия; драма,Барри Левинсон,США,1987
"Альфредо, Альфредо",комедия,Пьетро Джерми,Италия,1972
Альфред Великий,исторический фильм,Клайв Доннер,Великобритания,1969
